;Longitude;Latitude;
75°33'12.815W,6°15'45.722N;-75.5535597;6.2627006;
75°33'11.994W,6°15'46.595N;-75.5533317;6.2629431;
75°33'10.236W,6°16'55.692N;-75.5528433;6.2821367;
75°33'9.956W,6°16'49.732N;-75.5527656;6.2804811;
75°33'43.234W,6°16'43.234N;-75.5620094;6.2786761;
75°33'10.961W,6°16'43.618N;-75.5530447;6.2787828;
75°33'12.670W,6°16'34.394N;-75.5535194;6.2762206;
75°33'8.923W,6°16'33.808N;-75.5524786;6.2760578;
75°33'14.862W,6°16'22.070N;-75.5541283;6.2727972;
75°33'11.183W,6°16'21.408N;-75.5531064;6.2726133;
75°33'16.059W,6°16'16.004N;-75.5544608;6.2711122;
75°33'12.245W,6°16'15.255N;-75.5534014;6.2709042;
75°33'17.865W,6°16'5.887N;-75.5549625;6.2683019;
75°33'17.855W,6°16'5.772N;-75.5549597;6.26827;
75°33'18.454W,6°15'58.372N;-75.5551261;6.2662144;
75°33'19.381W,6°15'51.672N;-75.5553836;6.2643533;
75°33'14.929W,6°15'51.241N;-75.5541469;6.2642336;
75°33'19.728W,6°15'47.344N;-75.55548;6.2631511;
75°33'11.990W,6°15'46.581N;-75.5533306;6.2629392;
75°33'12.820W,6°15'45.721N;-75.5535611;6.2627003;
75°33'22.801W,6°15'41.083N;-75.5563336;6.2614119;
75°33'50.388W,6°13'45.424N;-75.5639967;6.2292844;
75°33'20.841W,6°14'19.539N;-75.5557892;6.2387608;
75°33'16.109W,6°14'16.486N;-75.5544747;6.2379128;
75°33'13.695W,6°14'21.094N;-75.5538042;6.2391928;
75°32'27.830W,6°14'2.050N;-75.5410639;6.2339028;
75°32'32.271W,6°14'9.057N;-75.5422975;6.2358492;
75°32'35.748W,6°14'10.900N;-75.5432633;6.2363611;
75°33'47.386W,6°14'6.745N;-75.5631628;6.2352069;
75°33'49.028W,6°14'8.127N;-75.5636189;6.2355908;
75°33'40.202W,6°14'14.990N;-75.5611672;6.2374972;
75°33'41.680W,6°14'16.325N;-75.5615778;6.2378681;
75°33'31.074W,6°14'25.338N;-75.5586317;6.2403717;
75°33'33.208W,6°14'27.478N;-75.5592244;6.2409661;
75°33'28.998W,6°14'28.390N;-75.558055;6.2412194;
75°33'31.374W,6°14'29.686N;-75.558715;6.2415794;
75°33'36.231W,6°14'32.124N;-75.5600642;6.2422567;
75°33'1.122W,6°14'31.388N;-75.5503117;6.2420522;
75°33'4.733W,6°14'30.313N;-75.5513147;6.2417536;
75°33'5.988W,6°14'27.856N;-75.5516633;6.2410711;
75°33'12.342W,6°14'34.709N;-75.5534283;6.2429747;
75°33'10.507W,6°14'27.145N;-75.5529186;6.2408736;
75°33'12.747W,6°14'28.412N;-75.5535408;6.2412256;
75°33'15.316W,6°14'29.776N;-75.5542544;6.2416044;
75°33'14.080W,6°14'32.732N;-75.5539111;6.2424256;
75°33'13.597W,6°14'35.285N;-75.5537769;6.2431347;
75°33'18.386W,6°14'31.369N;-75.5551072;6.2420469;
75°33'21.225W,6°14'32.828N;-75.5558958;6.2424522;
75°33'23.427W,6°14'33.903N;-75.5565075;6.2427508;
75°33'25.184W,6°14'34.863N;-75.5569956;6.2430175;
75°33'27.328W,6°14'35.976N;-75.5575911;6.2433267;
75°33'29.703W,6°14'37.358N;-75.5582508;6.2437106;
75°33'27.154W,6°14'39.854N;-75.5575428;6.2444039;
75°33'23.446W,6°14'43.290N;-75.5565128;6.2453583;
75°33'37.235W,6°12'51.175N;-75.5603431;6.2142153;
75°33'35.613W,6°12'48.794N;-75.5598925;6.2135539;
75°33'33.064W,6°12'32.284N;-75.5591844;6.2089678;
75°33'17.614W,6°12'28.828N;-75.5548928;6.2080078;
75°33'40.054W,6°12'17.865N;-75.5611261;6.2049625;
75°33'25.204W,6°11'51.847N;-75.5570011;6.1977353;
75°33'31.461W,6°11'42.571N;-75.5587392;6.1951586;
75°33'34.782W,6°11'32.242N;-75.5596617;6.1922894;
75°34'28.624W,6°13'46.823N;-75.5746178;6.2296731;
75°34'23.410W,6°13'49.358N;-75.5731694;6.2303772;
75°34'16.998W,6°13'44.520N;-75.5713883;6.2290333;
75°34'14.758W,6°13'42.600N;-75.5707661;6.2285;
75°34'30.053W,6°13'32.003N;-75.5750147;6.2255564;
75°34'30.941W,6°13'23.978N;-75.5752614;6.2233272;
75°34'8.887W,6°13'30.083N;-75.5691353;6.2250231;
75°34'9.080W,6°13'24.362N;-75.5691889;6.2234339;
75°34'31.482W,6°13'16.452N;-75.5754117;6.2212367;
75°34'32.177W,6°13'7.160N;-75.5756047;6.2186556;
75°34'32.448W,6°13'5.010N;-75.57568;6.2180583;
75°34'9.891W,6°13'12.113N;-75.5694142;6.2200314;
75°34'33.684W,6°12'53.952N;-75.5760233;6.2149867;
75°34'11.823W,6°12'52.800N;-75.5699508;6.2146667;
75°34'37.836W,6°12'49.670N;-75.5771767;6.2137972;
75°34'34.128W,6°12'50.054N;-75.5761467;6.2139039;
75°34'38.492W,6°12'47.482N;-75.5773589;6.2131894;
75°34'34.684W,6°12'46.092N;-75.5763011;6.2128033;
75°34'35.611W,6°12'35.418N;-75.5765586;6.2098383;
75°34'36.731W,6°12'25.511N;-75.5768697;6.2070864;
75°34'37.376W,6°12'20.462N;-75.5770489;6.2056839;
75°33'50.319W,6°12'44.844N;-75.5639775;6.2124567;
75°33'52.134W,6°12'42.656N;-75.5644817;6.2118489;
75°34'29.271W,6°12'45.001N;-75.5747975;6.2125003;
75°34'26.210W,6°12'46.335N;-75.5739472;6.2128708;
75°33'49.498W,6°12'31.168N;-75.5637494;6.2086578;
75°33'52.909W,6°12'33.291N;-75.5646969;6.2092475;
75°33'54.724W,6°12'34.155N;-75.5652011;6.2094875;
75°33'56.617W,6°12'34.731N;-75.5657269;6.2096475;
75°33'54.376W,6°12'30.584N;-75.5651044;6.2084956;
75°33'56.153W,6°12'31.237N;-75.5655981;6.2086769;
75°33'57.988W,6°12'31.890N;-75.5661078;6.2088583;
75°34'5.017W,6°12'34.923N;-75.5680603;6.2097008;
75°34'7.644W,6°12'35.941N;-75.56879;6.2099836;
75°34'19.721W,6°12'44.175N;-75.5721447;6.2122708;
75°34'17.742W,6°12'43.628N;-75.571595;6.2121189;
75°34'19.055W,6°12'40.287N;-75.5719597;6.2111908;
75°34'15.965W,6°12'39.097N;-75.5711014;6.2108603;
75°34'13.648W,6°12'37.964N;-75.5704578;6.2105456;
75°34'14.884W,6°12'35.180N;-75.5708011;6.2097722;
75°34'42.963W,6°12'11.182N;-75.5786008;6.2031061;
75°34'38.077W,6°12'12.334N;-75.5772436;6.2034261;
75°34'38.039W,6°12'11.105N;-75.5772331;6.2030847;
75°34'37.865W,6°12'9.742N;-75.5771847;6.2027061;
75°34'38.483W,6°12'6.401N;-75.5773564;6.2017781;
75°34'49.529W,6°11'25.296N;-75.5804247;6.19036;
75°34'53.392W,6°11'16.388N;-75.5814978;6.1878856;
75°34'11.868W,6°11'8.895N;-75.5699633;6.1858042;
75°34'40.461W,6°11'14.838N;-75.5779058;6.187455;
75°34'37.835W,6°11'23.398N;-75.5771764;6.1898328;
75°34'8.326W,6°10'52.026N;-75.5689794;6.1811183;
75°34'11.879W,6°11'8.999N;-75.5699664;6.1858331;
75°34'35.440W,6°11'33.668N;-75.5765111;6.1926856;
75°33'48.763W,6°11'23.857N;-75.5635453;6.1899603;
75°34'2.455W,6°11'30.385N;-75.5673486;6.1917736;
75°34'18.503W,6°11'36.951N;-75.5718064;6.1935975;
75°34'29.685W,6°11'46.570N;-75.5749125;6.1962694;
75°34'27.676W,6°11'51.945N;-75.5743544;6.1977625;
75°34'31.886W,6°11'53.404N;-75.5755239;6.1981678;
75°34'34.860W,6°11'58.588N;-75.57635;6.1996078;
75°34'33.586W,6°12'1.468N;-75.5759961;6.2004078;
75°34'30.998W,6°12'5.346N;-75.5752772;6.201485;
75°34'28.294W,6°12'7.266N;-75.5745261;6.2020183;
75°34'23.891W,6°11'59.395N;-75.5733031;6.1998319;
75°34'23.041W,6°12'0.623N;-75.5730669;6.2001731;
75°34'21.187W,6°12'3.503N;-75.5725519;6.2009731;
75°34'19.681W,6°12'7.842N;-75.5721336;6.2021783;
75°34'28.159W,6°12'16.462N;-75.5744886;6.2045728;
75°34'24.354W,6°12'15.464N;-75.5734317;6.2042956;
75°34'18.290W,6°12'12.450N;-75.5717472;6.2034583;
75°34'13.907W,6°12'10.895N;-75.5705297;6.2030264;
75°33'56.159W,6°12'7.496N;-75.5655997;6.2020822;
75°33'58.148W,6°12'1.468N;-75.5661522;6.2004078;
75°34'28.526W,6°15'55.185N;-75.5745906;6.2653292;
75°34'27.714W,6°15'57.451N;-75.574365;6.2659586;
75°34'29.877W,6°15'56.395N;-75.5749658;6.2656653;
75°34'30.399W,6°15'58.526N;-75.5751108;6.2662572;
75°34'31.770W,6°15'56.318N;-75.5754917;6.2656439;
75°34'35.246W,6°15'59.793N;-75.5764572;6.2666092;
75°32'32.987W,6°16'13.921N;-75.5424964;6.2705336;
75°34'39.765W,6°16'14.804N;-75.5777125;6.2707789;
75°34'47.818W,6°16'24.786N;-75.5799494;6.2735517;
75°34'30.940W,6°16'38.204N;-75.5752611;6.2772789;
75°34'32.523W,6°16'29.029N;-75.5757008;6.2747303;
75°34'25.747W,6°16'31.447N;-75.5738186;6.2754019;
75°34'20.743W,6°16'32.772N;-75.5724286;6.27577;
75°34'24.509W,6°16'35.075N;-75.5734747;6.2764097;
75°34'19.101W,6°16'35.805N;-75.5719725;6.2766125;
75°34'21.400W,6°16'37.878N;-75.5726111;6.2771883;
75°34'22.017W,6°16'42.984N;-75.5727825;6.2786067;
75°34'20.608W,6°16'48.397N;-75.5723911;6.2801103;
75°34'19.468W,6°16'56.306N;-75.5720744;6.2823072;
75°34'18.155W,6°17'0.894N;-75.5717097;6.2835817;
75°34'13.482W,6°17'11.298N;-75.5704117;6.2864717;
75°34'9.252W,6°17'15.540N;-75.5692367;6.28765;
75°34'13.385W,6°17'16.270N;-75.5703847;6.2878528;
75°34'17.479W,6°17'17.460N;-75.5715219;6.2881833;
75°34'15.954W,6°17'22.201N;-75.5710983;6.2895003;
75°34'13.559W,6°17'21.203N;-75.5704331;6.2892231;
75°34'11.473W,6°17'25.657N;-75.5698536;6.2904603;
75°34'10.469W,6°17'30.072N;-75.5695747;6.2916867;
75°34'9.194W,6°17'35.062N;-75.5692206;6.2930728;
75°34'7.534W,6°17'38.441N;-75.5687594;6.2940114;
75°34'3.285W,6°17'47.578N;-75.5675792;6.2965494;
75°34'0.330W,6°17'56.638N;-75.5667583;6.2990661;
75°33'59.152W,6°18'1.053N;-75.5664311;6.3002925;
75°34'2.223W,6°18'3.855N;-75.5672842;6.3010708;
75°33'58.515W,6°18'5.353N;-75.5662542;6.3014869;
75°34'23.389W,6°18'6.995N;-75.5731636;6.3019431;
75°34'20.086W,6°18'5.248N;-75.5722461;6.3014578;
75°36'56.238W,6°14'50.135N;-75.6156217;6.2472597;
75°36'51.680W,6°15'27.531N;-75.6143556;6.2576475;
75°36'52.955W,6°15'25.649N;-75.6147097;6.2571247;
75°36'54.596W,6°15'23.691N;-75.6151656;6.2565808;
75°36'16.610W,6°15'34.883N;-75.6046139;6.2596897;
75°36'1.892W,6°15'35.260N;-75.6005256;6.2597944;
75°43'43.312W,6°16'9.447N;-75.7286978;6.2692908;
75°35'43.659W,6°16'7.738N;-75.5954608;6.2688161;
75°35'48.661W,6°16'6.721N;-75.5968503;6.2685336;
75°36'0.796W,6°15'51.544N;-75.6002211;6.2643178;
75°35'53.883W,6°15'50.162N;-75.5983008;6.2639339;
75°35'48.900W,6°15'48.492N;-75.5969167;6.26347;
75°36'28.142W,6°14'31.013N;-75.6078172;6.2419481;
75°36'24.200W,6°14'39.048N;-75.6067222;6.24418;
75°36'12.072W,6°14'36.169N;-75.6033533;6.2433803;
75°36'9.831W,6°14'37.935N;-75.6027308;6.2438708;
75°36'28.112W,6°14'30.978N;-75.6078089;6.2419383;
75°36'56.249W,6°14'50.060N;-75.6156247;6.2472389;
75°36'33.422W,6°15'12.199N;-75.6092839;6.2533886;
75°36'27.416W,6°15'8.206N;-75.6076156;6.2522794;
75°36'16.317W,6°15'2.655N;-75.6045325;6.2507375;
75°36'7.859W,6°15'3.826N;-75.6021831;6.2510628;
75°36'10.292W,6°15'2.348N;-75.6028589;6.2506522;
75°36'8.264W,6°14'59.987N;-75.6022956;6.2499964;
75°36'6.140W,6°15'1.907N;-75.6017056;6.2505297;
75°35'59.014W,6°15'0.352N;-75.5997261;6.2500978;
75°35'48.817W,6°15'0.342N;-75.5968936;6.250095;
75°35'48.721W,6°15'2.300N;-75.5968669;6.2506389;
75°36'16.638W,6°15'34.900N;-75.6046217;6.2596944;
75°36'14.997W,6°15'33.383N;-75.6041658;6.2592731;
75°36'13.954W,6°15'30.024N;-75.6038761;6.25834;
75°36'13.291W,6°15'28.113N;-75.6036919;6.2578092;
75°35'56.450W,6°15'15.307N;-75.5990139;6.2542519;
75°35'53.939W,6°15'22.640N;-75.5983164;6.2562889;
75°36'1.919W,6°15'35.306N;-75.6005331;6.2598072;
75°36'1.687W,6°15'33.271N;-75.6004686;6.2592419;
75°37'8.241W,6°16'36.226N;-75.6189558;6.2767294;
75°34'30.638W,6°15'36.354N;-75.5751772;6.2600983;
75°34'28.552W,6°15'55.243N;-75.5745978;6.2653453;
75°34'27.741W,6°15'57.547N;-75.5743725;6.2659853;
75°34'29.904W,6°15'56.472N;-75.5749733;6.2656867;
75°34'30.445W,6°15'58.545N;-75.5751236;6.2662625;
75°34'31.769W,6°15'56.357N;-75.5754914;6.2656547;
75°34'35.273W,6°15'59.812N;-75.5764647;6.2666144;
75°35'13.759W,6°15'56.177N;-75.5871553;6.2656047;
75°35'13.334W,6°16'3.049N;-75.5870372;6.2675136;
75°34'39.733W,6°16'14.839N;-75.5777036;6.2707886;
75°34'47.810W,6°16'24.736N;-75.5799472;6.2735378;
75°34'51.286W,6°16'25.101N;-75.5809128;6.2736392;
75°34'54.820W,6°16'25.120N;-75.5818944;6.2736444;
75°34'57.505W,6°16'25.024N;-75.5826403;6.2736178;
75°34'52.947W,6°16'37.797N;-75.5813742;6.2771658;
75°34'49.057W,6°16'42.673N;-75.5802936;6.2785203;
75°35'26.546W,6°16'20.421N;-75.5907072;6.2723392;
75°35'24.422W,6°16'33.993N;-75.5901172;6.2761092;
75°35'46.881W,6°16'33.148N;-75.5963558;6.2758744;
75°35'30.312W,6°16'25.796N;-75.5917533;6.2738322;
75°35'31.567W,6°16'22.610N;-75.5921019;6.2729472;
75°35'34.947W,6°16'23.857N;-75.5930408;6.2732936;
75°35'38.616W,6°16'24.779N;-75.59406;6.2735497;
75°36''4.106W,6°16'43.403N;-75.6011406;6.2787231;
75°35'46.879W,6°16'33.114N;-75.5963553;6.275865;
75°35'35.659W,6°16'42.251N;-75.5932386;6.2784031;
75°35'24.386W,6°16'34.234N;-75.5901072;6.2761761;
75°35'22.339W,6°16'39.071N;-75.5895386;6.2775197;
75°35'14.228W,6°16'47.501N;-75.5872856;6.2798614;
75°35'10.626W,6°16'53.536N;-75.586285;6.2815378;
75°35'7.923W,6°16'55.762N;-75.5855342;6.2821561;
75°35'2.901W,6°17'3.901N;-75.5841392;6.2844169;
75°35'40.835W,6°12'37.240N;-75.5946764;6.2103444;
75°35'41.762W,6°12'39.006N;-75.5949339;6.210835;
75°35'37.668W,6°12'48.644N;-75.5937967;6.2135122;
75°35'35.621W,6°12'58.972N;-75.5932281;6.2163811;
75°35'48.096W,6°12'50.755N;-75.5966933;6.2140986;
75°35'50.491W,6°12'57.667N;-75.5973586;6.2160186;
75°35'52.268W,6°12'58.972N;-75.5978522;6.2163811;
75°35'32.801W,6°13'13.544N;-75.5924447;6.2204289;
75°35'32.106W,6°13'17.000N;-75.5922517;6.2213889;
75°35'31.218W,6°13'22.068N;-75.592005;6.2227967;
75°35'30.136W,6°13'28.020N;-75.5917044;6.22445;
75°35'27.507W,6°13'36.464N;-75.5909742;6.2267956;
75°35'28.782W,6°13'43.760N;-75.5913283;6.2288222;
75°35'28.936W,6°13'45.411N;-75.5913711;6.2292808;
75°35'29.168W,6°13'49.941N;-75.5914356;6.2305392;
75°35'29.322W,6°13'53.551N;-75.5914783;6.2315419;
75°35'29.477W,6°13'56.200N;-75.5915214;6.2322778;
75°35'24.842W,6°13'53.589N;-75.5902339;6.2315525;
75°35'14.221W,6°13'53.973N;-75.5872836;6.2316592;
75°35'14.298W,6°13'56.853N;-75.587305;6.2324592;
75°34'57.971W,6°13'55.417N;-75.5827697;6.2320603;
75°34'57.855W,6°13'59.909N;-75.5827375;6.2333081;
75°34'46.384W,6°13'58.806N;-75.5795511;6.2330017;
75°34'40.475W,6°13'57.731N;-75.5779097;6.2327031;
75°34'35.821W,6°13'53.930N;-75.5766169;6.2316472;
75°34'52.776W,6°14'22.345N;-75.5813267;6.2395403;
75°33'12.979W,6°17'4.183N;-75.5536053;6.2844953;
75°33'15.373W,6°17'4.068N;-75.5542703;6.2844633;
75°33'19.699W,6°17'4.298N;-75.5554719;6.2845272;
75°33'24.296W,6°17'4.490N;-75.5567489;6.2845806;
75°33'23.832W,6°17'9.136N;-75.55662;6.2858711;
75°33'46.002W,6°17'26.105N;-75.5627783;6.2905847;
75°33'41.773W,6°17'0.728N;-75.5616036;6.2835356;
75°34'4.542W,6°16'58.540N;-75.5679283;6.2829278;
75°33'56.779W,6°17'3.160N;-75.5657719;6.2842111;
75°33'54.694W,6°17'4.043N;-75.5651928;6.2844564;
75°33'46.499W,6°17'7.955N;-75.5629164;6.2855431;
75°33'46.943W,6°17'9.933N;-75.5630397;6.2860925;
75°33'50.825W,6°17'7.725N;-75.5641181;6.2854792;
75°33'51.424W,6°17'9.491N;-75.5642844;6.2859697;
75°33'52.544W,6°17'9.280N;-75.5645956;6.2859111;
75°33'14.765W,6°16'44.425N;-75.5541014;6.2790069;
75°33'16.271W,6°16'34.942N;-75.5545197;6.2763728;
75°33'54.167W,6°16'36.535N;-75.5650464;6.2768153;
75°33'52.365W,6°16'28.792N;-75.5645458;6.2746644;
75°34'3.546W,6°16'25.675N;-75.5676517;6.2737986;
75°33'54.246W,6°16'19.838N;-75.5650683;6.2721772;
75°33'44.552W,6°16'21.144N;-75.5623756;6.27254;
75°33'56.409W,6°16'18.456N;-75.5656692;6.2717933;
75°33'18.442W,6°16'22.795N;-75.5551228;6.2729986;
75°33'19.639W,6°16'16.767N;-75.5554553;6.2713242;
75°33'29.913W,6°16'18.538N;-75.5583092;6.2718161;
75°33'21.300W,6°16'7.284N;-75.5559167;6.26869;
75°33'31.690W,6°16'8.013N;-75.5588028;6.2688925;
75°33'22.227W,6°16'0.285N;-75.5561742;6.2667458;
75°33'22.420W,6°15'52.714N;-75.5562278;6.2646428;
75°33'23.598W,6°15'47.665N;-75.556555;6.2632403;
75°33'47.641W,6°15'52.311N;-75.5632336;6.2645308;
75°33'45.324W,6°15'55.497N;-75.56259;6.2654158;
75°33'55.096W,6°16'10.317N;-75.5653044;6.2695325;
75°33'58.881W,6°16'9.895N;-75.5663558;6.2694153;
75°34'0.967W,6°16'2.293N;-75.5669353;6.2673036;
75°33'56.988W,6°16'1.832N;-75.56583;6.2671756;
75°33'57.606W,6°15'58.607N;-75.5660017;6.2662797;
75°34'59.898W,6°11'45.099N;-75.583305;6.1958608;
75°35'5.884W,6°11'46.826N;-75.5849678;6.1963406;
75°35'15.618W,6°11'49.246N;-75.5876717;6.1970128;
75°35'3.799W,6°12'3.645N;-75.5843886;6.2010125;
75°35'24.385W,6°11'49.246N;-75.5901069;6.1970128;
75°35'23.524W,6°11'51.165N;-75.5898678;6.1975458;
75°35'20.137W,6°13'58.538N;-75.5889269;6.2329272;
75°35'18.456W,6°12'18.351N;-75.58846;6.2050975;
75°35'21.160W,6°12'26.261N;-75.5892111;6.2072947;
75°35'27.494W,6°12'29.333N;-75.5909706;6.2081481;
75°35'40.878W,6°12'37.204N;-75.5946883;6.2103344;
75°35'41.805W,6°12'38.970N;-75.5949458;6.210825;
75°35'12.203W,6°12'46.146N;-75.5867231;6.2128183;
75°35'37.811W,6°12'48.603N;-75.5938364;6.2135008;
75°35'35.667W,6°12'59.893N;-75.5932408;6.2166369;
75°35'32.809W,6°13'13.638N;-75.5924469;6.220455;
75°35'32.152W,6°13'17.017N;-75.5922644;6.2213936;
75°35'31.187W,6°13'22.162N;-75.5919964;6.2228228;
75°35'30.067W,6°13'27.959N;-75.5916853;6.2244331;
75°35'27.595W,6°13'36.445N;-75.5909986;6.2267903;
75°35'28.831W,6°13'43.779N;-75.5913419;6.2288275;
75°35'29.024W,6°13'45.430N;-75.5913956;6.2292861;
75°35'24.814W,6°13'53.608N;-75.5902261;6.2315578;
75°35'14.192W,6°13'53.915N;-75.5872756;6.2316431;
75°35'16.452W,6°12'37.295N;-75.5879033;6.2103597;
75°35'9.963W,6°12'24.394N;-75.5861008;6.2067761;
75°35'11.469W,6°12'19.364N;-75.5865192;6.2053789;
75°35'2.663W,6°12'21.552N;-75.5840731;6.2059867;
75°34'55.556W,6°12'18.365N;-75.5820989;6.2051014;
75°34'48.488W,6°12'10.762N;-75.5801356;6.2029894;
75°34'57.874W,6°13'59.962N;-75.5827428;6.2333228;
75°34'57.990W,6°13'55.432N;-75.582775;6.2320644;
75°34'57.835W,6°13'51.531N;-75.5827319;6.2309808;
75°34'46.480W,6°13'58.810N;-75.5795778;6.2330028;
75°34'47.271W,6°13'54.165N;-75.5797975;6.2317125;
75°34'40.512W,6°13'57.620N;-75.57792;6.2326722;
75°34'35.819W,6°13'53.934N;-75.5766164;6.2316483;
75°34'38.600W,6°13'54.798N;-75.5773889;6.2318883;
75°34'42.038W,6°13'33.181N;-75.5783439;6.2258836;
75°35'0.886W,6°13'36.023N;-75.5835794;6.2266731;
75°34'46.171W,6°13'22.123N;-75.5794919;6.2228119;
75°34'50.844W,6°13'3.386N;-75.58079;6.2176072;
75°35'3.706W,6°13'21.931N;-75.5843628;6.2227586;
75°35'2.012W,6°12'41.299N;-75.5838922;6.2114719;
75°34'48.223W,6°12'51.321N;-75.5800619;6.2142558;
75°34'8.002W,6°14'26.597N;-75.5688894;6.2407214;
75°34'9.084W,6°14'12.468N;-75.56919;6.2367967;
75°34'12.058W,6°14'12.737N;-75.5700161;6.2368714;
75°34'13.680W,6°14'12.043N;-75.5704667;6.2366786;
75°34'12.714W,6°14'4.328N;-75.5701983;6.2345356;
75°34'11.826W,6°13'52.425N;-75.5699517;6.2312292;
75°34'10.976W,6°13'45.514N;-75.5697156;6.2293094;
75°34'14.723W,6°13'42.558N;-75.5707564;6.2284883;
75°34'17.002W,6°13'44.593N;-75.5713894;6.2290536;
75°34'23.394W,6°13'49.335N;-75.573165;6.2303708;
75°34'27.913W,6°13'54.096N;-75.5744203;6.2316933;
75°34'25.982W,6°13'58.357N;-75.5738839;6.2328769;
75°34'27.990W,6°13'54.038N;-75.5744417;6.2316772;
75°34'28.763W,6°13'58.146N;-75.5746564;6.2328183;
75°34'29.496W,6°14'1.947N;-75.57486;6.2338742;
75°34'30.462W,6°14'5.403N;-75.5751283;6.2348342;
75°34'21.965W,6°14'6.977N;-75.5727681;6.2352714;
75°34'24.823W,6°14'7.899N;-75.5735619;6.2355275;
75°34'26.986W,6°14'8.935N;-75.5741628;6.2358153;
75°34'26.059W,6°14'11.162N;-75.5739053;6.2364339;
75°34'32.818W,6°14'18.534N;-75.5757828;6.2384817;
75°34'31.814W,6°14'20.339N;-75.5755039;6.2389831;
75°34'26.677W,6°14'16.269N;-75.5740769;6.2378525;
75°34'24.669W,6°14'15.424N;-75.5735192;6.2376178;
75°34'21.810W,6°14'14.733N;-75.572725;6.2374258;
75°34'19.145W,6°14'13.504N;-75.5719847;6.2370844;
75°34'18.257W,6°14'16.039N;-75.5717381;6.2377886;
75°34'20.806W,6°14'17.344N;-75.5724461;6.2381511;
75°34'23.433W,6°14'18.189N;-75.5731758;6.2383858;
75°34'39.489W,6°14'49.599N;-75.5776358;6.2471108;
75°34'33.077W,6°14'46.374N;-75.5758547;6.246215;
75°34'7.922W,6°14'26.747N;-75.5688672;6.2407631;
75°34'3.866W,6°14'36.537N;-75.5677406;6.2434825;
75°34'0.158W,6°14'35.654N;-75.5667106;6.2432372;
75°33'54.674W,6°14'33.658N;-75.5651872;6.2426828;
75°33'49.035W,6°14'30.701N;-75.5636208;6.2418614;
75°33'47.335W,6°14'33.389N;-75.5631486;6.2426081;
75°33'53.013W,6°14'37.267N;-75.5647258;6.2436853;
75°33'51.468W,6°14'39.954N;-75.5642967;6.2444317;
75°33'45.404W,6°14'37.113N;-75.5626122;6.2436425;
75°33'42.894W,6°14'35.731N;-75.561915;6.2432586;
75°33'49.576W,6°14'43.563N;-75.5637711;6.2454342;
75°33'45.868W,6°14'41.605N;-75.5627411;6.2448903;
75°33'41.194W,6°14'39.071N;-75.5614428;6.2441864;
75°33'38.181W,6°14'37.382N;-75.5606058;6.2437172;
75°33'48.069W,6°14'46.520N;-75.5633525;6.2462556;
75°33'45.366W,6°14'45.214N;-75.5626017;6.2458928;
75°33'39.649W,6°14'42.258N;-75.5610136;6.2450717;
75°33'36.521W,6°14'40.453N;-75.5601447;6.2445703;
75°33'33.276W,6°14'39.110N;-75.5592433;6.2441972;
75°33'29.684W,6°14'37.459N;-75.5582456;6.2437386;
75°33'27.212W,6°14'39.609N;-75.5575589;6.2443358;
75°33'34.589W,6°14'43.679N;-75.5596081;6.2454664;
75°33'46.292W,6°14'50.206N;-75.5628589;6.2472794;
75°33'44.632W,6°14'53.853N;-75.5623978;6.2482925;
75°33'41.310W,6°14'53.085N;-75.561475;6.2480792;
75°33'31.538W,6°14'49.246N;-75.5587606;6.2470128;
75°33'28.294W,6°14'47.748N;-75.5578594;6.2465967;
75°33'23.466W,6°14'43.295N;-75.5565183;6.2453597;
75°33'22.153W,6°14'48.248N;-75.5561536;6.2467356;
75°33'29.568W,6°14'52.337N;-75.5582133;6.2478714;
75°33'43.396W,6°14'57.097N;-75.5620544;6.2491936;
75°33'39.881W,6°15'2.703N;-75.5610781;6.2507508;
75°33'38.684W,6°15'5.160N;-75.5607456;6.2514333;
75°33'37.409W,6°15'7.464N;-75.5603914;6.2520733;
75°33'34.628W,6°14'59.286N;-75.5596189;6.2498017;
75°33'31.384W,6°14'57.443N;-75.5587178;6.2492897;
75°33'27.908W,6°14'55.255N;-75.5577522;6.2486819;
75°33'26.517W,6°14'57.597N;-75.5573658;6.2493325;
75°33'32.233W,6°15'3.548N;-75.5589536;6.2509856;
75°33'25.011W,6°15'0.054N;-75.5569475;6.250015;
75°33'17.962W,6°14'59.036N;-75.5549894;6.2497322;
75°33'30.969W,6°15'5.459N;-75.5586025;6.2515164;
75°33'37.574W,6°15'27.163N;-75.5604372;6.2575453;
75°33'37.574W,6°15'27.163N;-75.5604372;6.2575453;
75°33'39.505W,6°15'28.584N;-75.5609736;6.25794;
75°33'41.320W,6°15'26.242N;-75.5614778;6.2572894;
75°22'28.124W,6°15'24.553N;-75.3744789;6.2568203;
75°33'42.093W,6°15'19.062N;-75.5616925;6.255295;
75°22'44.468W,6°15'21.097N;-75.3790189;6.2558603;
75°33'48.726W,6°15'48.011N;-75.563535;6.2633364;
75°33'51.198W,6°15'41.254N;-75.5642217;6.2614594;
75°33'52.743W,6°15'37.568N;-75.5646508;6.2604356;
75°33'54.172W,6°15'33.690N;-75.5650478;6.2593583;
75°33'55.949W,6°15'29.275N;-75.5655414;6.2581319;
75°33'57.185W,6°15'25.743N;-75.5658847;6.2571508;
75°33'58.498W,6°15'34.765N;-75.5662494;6.2596569;
75°34'2.052W,6°15'35.264N;-75.5672367;6.2597956;
75°34'1.484W,6°15'39.219N;-75.5670789;6.2608942;
75°34'4.639W,6°15'47.090N;-75.5679553;6.2630806;
75°34'8.116W,6°15'40.563N;-75.5689211;6.2612675;
75°34'10.085W,6°15'36.647N;-75.5694681;6.2601797;
75°33'59.425W,6°15'28.200N;-75.5665069;6.2578333;
75°34'3.172W,6°15'28.891N;-75.5675478;6.2580253;
75°34'6.725W,6°15'29.659N;-75.5685347;6.2582386;
75°34'13.484W,6°15'30.043N;-75.5704122;6.2583453;
75°34'3.481W,6°15'26.511N;-75.5676336;6.2573642;
75°34'7.613W,6°15'26.319N;-75.5687814;6.2573108;
75°34'3.751W,6°15'25.244N;-75.5677086;6.2570122;
75°34'0.429W,6°15'28.286N;-75.5667858;6.2578572;
75°34'4.408W,6°15'22.556N;-75.5678911;6.2562656;
75°34'8.154W,6°15'23.286N;-75.5689317;6.2564683;
75°33'58.769W,6°15'27.711N;-75.5663247;6.2576975;
75°34'1.723W,6°15'19.139N;-75.5671453;6.2553164;
75°34'0.101W,6°15'18.909N;-75.5666947;6.2552525;
75°34'5.702W,6°15'15.415N;-75.5682506;6.2542819;
75°34'9.371W,6°15'16.144N;-75.5692697;6.2544844;
75°34'12.229W,6°15'16.643N;-75.5700636;6.2546231;
75°34'2.341W,6°15'13.265N;-75.5673169;6.2536847;
75°33'58.537W,6°15'11.076N;-75.5662603;6.2530767;
75°33'55.563W,6°15'15.914N;-75.5654342;6.2544206;
75°33'53.439W,6°15'18.218N;-75.5648442;6.2550606;
75°33'50.233W,6°15'16.490N;-75.5639536;6.2545806;
75°33'48.070W,6°15'15.492N;-75.5633528;6.2543033;
75°33'46.443W,6°15'14.345N;-75.5629008;6.2539847;
75°33'44.401W,6°15'12.036N;-75.5623336;6.2533433;
75°33'45.714W,6°15'9.733N;-75.5626983;6.2527036;
75°33'54.250W,6°15'8.350N;-75.5650694;6.2523194;
75°33'51.739W,6°15'6.661N;-75.5643719;6.2518503;
75°33'48.649W,6°15'4.818N;-75.5635136;6.2513383;
75°33'39.766W,6°15'9.003N;-75.5610461;6.2525008;
75°33'41.233W,6°15'6.776N;-75.5614536;6.2518822;
75°33'42.875W,6°15'1.492N;-75.5619097;6.2504144;
75°33'44.594W,6°15'2.015N;-75.5623872;6.2505597;
75°34'20.379W,6°15'28.659N;-75.5723275;6.2579608;
75°34'19.877W,6°15'24.896N;-75.5721881;6.2569156;
75°34'25.332W,6°15'20.666N;-75.5737033;6.2557406;
75°34'30.656W,6°15'12.757N;-75.5751822;6.2535436;
75°34'28.075W,6°15'10.991N;-75.5744653;6.2530531;
75°34'22.667W,6°15'7.152N;-75.5729631;6.2519867;
75°34'21.547W,6°15'1.508N;-75.5726519;6.2504189;
75°34'18.651W,6°15'0.279N;-75.5718475;6.2500775;
75°34'15.059W,6°14'58.820N;-75.5708497;6.2496722;
75°34'19.307W,6°15'5.309N;-75.5720297;6.2514747;
75°34'18.033W,6°15'7.497N;-75.5716758;6.2520825;
75°34'16.565W,6°15'10.454N;-75.5712681;6.2529039;
75°34'16.719W,6°15'4.080N;-75.5713108;6.2511333;
75°34'15.522W,6°15'6.345N;-75.5709783;6.2517625;
75°34'14.402W,6°15'9.110N;-75.5706672;6.2525306;
75°34'9.535W,6°15'10.569N;-75.5693153;6.2529358;
75°34'10.308W,6°15'8.918N;-75.56953;6.2524772;
75°34'11.196W,6°15'7.344N;-75.5697767;6.25204;
75°34'11.196W,6°15'7.344N;-75.5697767;6.25204;
75°34'12.278W,6°15'4.694N;-75.5700772;6.2513039;
75°34'13.436W,6°15'2.391N;-75.5703989;6.2506642;
75°34'30.624W,6°15'10.127N;-75.5751733;6.2528131;
75°34'30.469W,6°15'0.567N;-75.5751303;6.2501575;
75°34'39.353W,6°14'49.510N;-75.5775981;6.2470861;
75°34'31.512W,6°14'49.049N;-75.57542;6.2469581;
75°34'22.984W,6°14'58.182N;-75.5730511;6.249495;
75°34'24.491W,6°14'55.264N;-75.5734697;6.2486844;
75°34'20.049W,6°14'57.337N;-75.5722358;6.2492603;
75°34'21.208W,6°14'54.266N;-75.5725578;6.2484072;
75°34'17.538W,6°14'52.845N;-75.5715383;6.2480125;
75°34'28.701W,6°14'46.740N;-75.5746392;6.2463167;
75°34'23.486W,6°14'48.967N;-75.5731906;6.2469353;
75°34'21.439W,6°14'43.247N;-75.5726219;6.2453464;
75°34'14.101W,6°14'51.463N;-75.5705836;6.2476286;
75°34'11.127W,6°14'50.542N;-75.5697575;6.2473728;
75°34'13.251W,6°14'44.974N;-75.5703475;6.2458261;
75°34'14.487W,6°14'40.905N;-75.5706908;6.2446958;
75°34'8.037W,6°14'49.275N;-75.5688992;6.2470208;
75°34'5.758W,6°14'48.276N;-75.5682661;6.2467433;
75°34'11.436W,6°14'39.753N;-75.5698433;6.2443758;
75°34'30.400W,6°14'45.090N;-75.5751111;6.2458583;
75°34'21.130W,6°14'32.189N;-75.5725361;6.2422747;
75°34'12.517W,6°14'37.257N;-75.5701436;6.2436825;
75°34'18.427W,6°14'30.960N;-75.5717853;6.2419333;
75°34'15.491W,6°14'30.027N;-75.5709697;6.2416742;
75°34'30.439W,6°14'23.742N;-75.5751219;6.2399283;
75°34'24.645W,6°14'21.592N;-75.5735125;6.2393311;
75°34'22.135W,6°14'20.862N;-75.5728153;6.2391283;
75°34'19.701W,6°14'20.286N;-75.5721392;6.2389683;
75°34'16.900W,6°14'19.432N;-75.5713611;6.2387311;
75°34'13.463W,6°14'18.203N;-75.5704064;6.2383897;
75°34'13.113W,6°14'29.223N;-75.5703092;6.2414508;
75°34'18.836W,6°14'27.917N;-75.5718989;6.2410881;
75°34'2.532W,6°14'43.774N;-75.56737;6.2454928;
75°33'58.979W,6°14'41.509N;-75.5663831;6.2448636;
75°33'57.936W,6°14'40.242N;-75.5660933;6.2445117;
75°34'12.948W,6°14'54.678N;-75.5702633;6.2485217;
75°34'9.916W,6°14'53.546N;-75.5694211;6.2482072;
75°34'6.787W,6°14'52.490N;-75.5685519;6.2479139;
75°34'12.059W,6°14'57.539N;-75.5700164;6.2493164;
75°34'8.718W,6°14'56.483N;-75.5690883;6.2490231;
75°34'5.744W,6°14'55.081N;-75.5682622;6.2486336;
75°34'2.461W,6°14'53.680N;-75.5673503;6.2482444;
75°34'1.071W,6°14'56.540N;-75.5669642;6.2490389;
75°34'4.663W,6°14'57.577N;-75.5679619;6.2493269;
75°34'7.656W,6°14'59.286N;-75.5687933;6.2498017;
75°34'10.649W,6°15'0.956N;-75.5696247;6.2502656;
75°33'59.178W,6°14'59.842N;-75.5664383;6.2499561;
75°34'9.375W,6°15'3.451N;-75.5692708;6.2509586;
75°34'2.094W,6°15'3.375N;-75.5672483;6.2509375;
75°33'55.779W,6°15'5.707N;-75.5654942;6.2515853;
75°34'0.105W,6°15'8.644N;-75.5666958;6.2524011;
75°34'6.884W,6°15'9.546N;-75.5685789;6.2526517;
75°33'55.760W,6°15'5.726N;-75.5654889;6.2515906;
75°33'53.288W,6°15'4.191N;-75.5648022;6.2511642;
75°33'50.391W,6°15'1.964N;-75.5639975;6.2505456;
75°33'47.070W,6°14'58.739N;-75.563075;6.2496497;
75°33'56.339W,6°14'58.239N;-75.5656497;6.2495108;
75°33'54.717W,6°14'54.132N;-75.5651992;6.24837;
75°33'57.035W,6°14'51.213N;-75.5658431;6.2475592;
75°33'55.606W,6°14'46.395N;-75.5654461;6.2462208;
75°33'49.078W,6°14'55.494N;-75.5636328;6.2487483;
75°33'53.520W,6°14'49.159N;-75.5648667;6.2469886;
75°33'51.840W,6°14'48.487N;-75.5644;6.2468019;
75°34'28.613W,6°13'46.775N;-75.5746147;6.2296597;
75°34'8.838W,6°13'30.111N;-75.5691217;6.2250308;
75°34'9.147W,6°13'24.352N;-75.5692075;6.2234311;
75°34'30.120W,6°13'32.031N;-75.5750333;6.2255642;
75°34'9.726W,6°13'12.219N;-75.5693683;6.2200608;
75°34'30.696W,6°13'24.122N;-75.5751933;6.2233672;
75°34'31.587W,6°13'16.673N;-75.5754408;6.2212981;
75°34'32.283W,6°13'7.227N;-75.5756342;6.2186742;
75°34'32.437W,6°13'5.154N;-75.5756769;6.2180983;
75°34'33.750W,6°12'54.096N;-75.5760417;6.2150267;
75°34'11.657W,6°12'53.021N;-75.5699047;6.2147281;
75°34'37.844W,6°12'49.718N;-75.5771789;6.2138106;
75°34'34.214W,6°12'50.102N;-75.5761706;6.2139172;
75°34'29.115W,6°12'45.188N;-75.5747542;6.2125522;
75°34'26.180W,6°12'46.570N;-75.5739389;6.2129361;
75°34'19.691W,6°12'44.343N;-75.5721364;6.2123175;
75°34'17.769W,6°12'43.805N;-75.5716025;6.2121681;
75°34'34.677W,6°12'46.263N;-75.5762992;6.2128508;
75°34'38.694W,6°12'47.491N;-75.577415;6.2131919;
75°34'19.073W,6°12'40.350N;-75.5719647;6.2112083;
75°34'15.983W,6°12'39.274N;-75.5711064;6.2109094;
75°34'13.666W,6°12'38.199N;-75.5704628;6.2106108;
75°34'14.902W,6°12'35.281N;-75.5708061;6.2098003;
75°34'35.681W,6°12'35.435N;-75.5765781;6.2098431;
75°34'36.763W,6°12'25.605N;-75.5768786;6.2071125;
75°34'17.683W,6°12'22.149N;-75.5715786;6.2061525;
75°34'16.679W,6°12'20.920N;-75.5712997;6.2058111;
75°34'37.149W,6°12'20.498N;-75.5769858;6.2056939;
75°34'28.111W,6°12'16.505N;-75.5744753;6.2045847;
75°34'24.326W,6°12'15.545N;-75.5734239;6.2043181;
75°34'18.301W,6°12'12.473N;-75.5717503;6.2034647;
75°34'19.653W,6°12'7.827N;-75.5721258;6.2021742;
75°34'21.198W,6°12'3.526N;-75.572555;6.2009794;
75°34'23.013W,6°12'0.800N;-75.5730592;6.2002222;
75°34'28.343W,6°12'7.251N;-75.5745397;6.2020142;
75°34'31.008W,6°12'5.369N;-75.57528;6.2014914;
75°34'42.943W,6°12'11.129N;-75.5785953;6.2030914;
75°34'38.038W,6°12'11.168N;-75.5772328;6.2031022;
75°34'37.960W,6°12'9.862N;-75.5772111;6.2027394;
75°34'38.540W,6°12'6.483N;-75.5773722;6.2018008;
75°34'23.940W,6°11'59.456N;-75.5733167;6.1998489;
75°34'33.557W,6°12'1.414N;-75.5759881;6.2003928;
75°34'34.988W,6°11'58.496N;-75.5763856;6.1995822;
75°34'27.648W,6°11'51.892N;-75.5743467;6.1977478;
75°34'31.780W,6°11'53.389N;-75.5754944;6.1981636;
75°34'29.618W,6°11'46.478N;-75.5748939;6.1962439;
75°34'35.411W,6°11'33.691N;-75.5765031;6.1926919;
75°34'49.586W,6°11'25.359N;-75.5804406;6.1903775;
75°34'37.806W,6°11'23.362N;-75.5771683;6.1898228;
75°34'53.448W,6°11'16.181N;-75.5815133;6.1878281;
75°34'40.432W,6°11'14.914N;-75.5778978;6.1874761;
75°34'18.494W,6°11'37.012N;-75.5718039;6.1936144;
75°34'2.465W,6°11'30.370N;-75.5673514;6.1917694;
75°34'11.928W,6°11'8.905N;-75.56998;6.1858069;
75°34'8.413W,6°10'52.124N;-75.5690036;6.1811456;
75°33'42.265W,6°11'13.282N;-75.5617403;6.1870228;
75°33'38.711W,6°11'13.397N;-75.5607531;6.1870547;
75°33'48.792W,6°11'23.803N;-75.5635533;6.1899453;
75°33'34.810W,6°11'32.174N;-75.5596694;6.1922706;
75°33'57.907W,6°11'45.917N;-75.5660853;6.1960881;
75°34'6.443W,6°11'48.989N;-75.5684564;6.1969414;
75°33'52.384W,6°12'1.468N;-75.5645511;6.2004078;
75°33'31.450W,6°11'42.615N;-75.5587361;6.1951708;
75°33'31.450W,6°11'45.615N;-75.5587361;6.1960042;
75°33'25.193W,6°11'51.677N;-75.5569981;6.1976881;
75°33'40.102W,6°12'17.941N;-75.5611394;6.2049836;
75°33'33.150W,6°12'32.033N;-75.5592083;6.2088981;
75°33'35.699W,6°12'48.678N;-75.5599164;6.2135217;
75°33'37.244W,6°12'50.924N;-75.5603456;6.2141456;
75°33'50.376W,6°12'44.905N;-75.5639933;6.2124736;
75°33'52.114W,6°12'42.755N;-75.5644761;6.2118764;
75°33'49.526W,6°12'31.159N;-75.5637572;6.2086553;
75°33'52.944W,6°12'33.405N;-75.5647067;6.2092792;
75°33'54.702W,6°12'34.097N;-75.565195;6.2094714;
75°33'54.373W,6°12'30.545N;-75.5651036;6.2084847;
75°33'56.150W,6°12'31.217N;-75.5655972;6.2086714;
75°33'56.556W,6°12'34.769N;-75.56571;6.2096581;
75°33'57.985W,6°12'31.927N;-75.5661069;6.2088686;
75°34'5.014W,6°12'35.076N;-75.5680594;6.2097433;
75°34'7.641W,6°12'35.959N;-75.5687892;6.2099886;
75°34'13.594W,6°12'38.041N;-75.5704428;6.2105669;
75°34'14.907W,6°12'35.180N;-75.5708075;6.2097722;
75°33'56.168W,6°12'7.528N;-75.5656022;6.2020911;
;;;
;;;
;;;
;;;
;;;
;;;
;;;
;;;
;;;
;;;
;;;
;;;
;;;
;;;
;;;
;;;
;;;
;;;
;;;
;;;
;;;
;;;
;;;
;;;
;;;
;;;
;;;
;;;
;;;
;;;
;;;
;;;
;;;
;;;
;;;
;;;
;;;
;;;
;;;
;;;
;;;
;;;
;;;
;;;
;;;
;;;
;;;
;;;
;;;
;;;
;;;
;;;
;;;
;;;
;;;
;;;
;;;
;;;
;;;
;;;
;;;
;;;
;;;
;;;
;;;
;;;
;;;
;;;
;;;
;;;
;;;
;;;
;;;
;;;
;;;
;;;
;;;
;;;
;;;
;;;
;;;
;;;
;;;
;;;
;;;
;;;
;;;
;;;
;;;
;;;
;;;
;;;
;;;
;;;
;;;
;;;
;;;
;;;
;;;
;;;
;;;
;;;
;;;
;;;
;;;
;;;
;;;
;;;
;;;
;;;
;;;
;;;
;;;
;;;
;;;
;;;
;;;
;;;
;;;
;;;
;;;
;;;
;;;
;;;
;;;
;;;
;;;
;;;
;;;
;;;
;;;
;;;
;;;
;;;
;;;
;;;
;;;
;;;
;;;
;;;
;;;
;;;
;;;
;;;
;;;
;;;
;;;
;;;
;;;
;;;
;;;
;;;
;;;
;;;
;;;
;;;
;;;
;;;
;;;
;;;
;;;
;;;
;;;
;;;
;;;
;;;
;;;
;;;
;;;
;;;
;;;
;;;
;;;
;;;
;;;
;;;
;;;
;;;
;;;
;;;
;;;
;;;
;;;
;;;
;;;
;;;
;;;
;;;
;;;
;;;
;;;
;;;
;;;
;;;
;;;
;;;
;;;
;;;
;;;
;;;
;;;
;;;
;;;
;;;
;;;
;;;
;;;
;;;
;;;
;;;
;;;
;;;
;;;
;;;
;;;
;;;
;;;
;;;
;;;
;;;
;;;
;;;
;;;
;;;
;;;
;;;
;;;
;;;
;;;
;;;
;;;
;;;
;;;
;;;
;;;
;;;
;;;
;;;
;;;
;;;
;;;
;;;
;;;
;;;
;;;
;;;
;;;
;;;
;;;
;;;
;;;
;;;
;;;
;;;
;;;
;;;
;;;
;;;
;;;
;;;
;;;
;;;
;;;
;;;
;;;
;;;
;;;
;;;
;;;
;;;
;;;
;;;
;;;
;;;
;;;
;;;
;;;
;;;
;;;
;;;
;;;
;;;
;;;
;;;
;;;
;;;
;;;
;;;
;;;
;;;
;;;
;;;
;;;
;;;
;;;
;;;
;;;
;;;
;;;
;;;
;;;
;;;
;;;
;;;
;;;
;;;
;;;
;;;
;;;
;;;
;;;
;;;
;;;
;;;
;;;
;;;
;;;
;;;
;;;
;;;
;;;
;;;
;;;
;;;
;;;
;;;
;;;
;;;
;;;
;;;
;;;
;;;
;;;
;;;
;;;
;;;
;;;
;;;
;;;
;;;
;;;
;;;
;;;
;;;
;;;
;;;
;;;
;;;
;;;
;;;
;;;
;;;
;;;
;;;
;;;
;;;
;;;
;;;
;;;
;;;
;;;
;;;
;;;
;;;
;;;
;;;
;;;
;;;
;;;
;;;
;;;
;;;
;;;
;;;
;;;
;;;
;;;
;;;
;;;
;;;
;;;
;;;
;;;
;;;
;;;
;;;
;;;
;;;
